atof|atof
atoi|atoi
atol|atol
atoll|atoll
atanf|atanf
atan2Mp|atan2Mp
atanMp|atanMp
atanl|atanl
atan2|atan2
atan2f|atan2f
atan2l|atan2l
atanh|atanh
atanhf|atanhf
atanhl|atanhl
at_quick_exit|at_quick_exit
atexit|atexit
atof|atof
atoi|atoi
atol|atol
atoll|atoll
